keyword,title,link,cleaned_title,sentiment
AAPL,No title,https://news.google.com./read/CBMiswFBVV95cUxObmpfandfdGpVbU5FdWhpZXluaExCLXpSTmg5cFNjWUk1amxqcG5oNXNDdG9uSm9aMlZqdnF4QmNvOHJPcHFQdENnRnJVcG9JNVRNZXJuckM2RFNMOS10TDFnSU1HLW10dmJxeWxWSVZMWjBacGxfSUdTOGM2NW1pZHJ0RDdGRHAtdEtWUXNjeFBNWDBJMFh6bkIzUU12eE5qV2p4bkdRZVQxenlhTkFhZkxuYw?hl=en-US&gl=US&ceid=US%3Aen,no title,NEGATIVE
AAPL,No title,https://news.google.com./read/CBMif0FVX3lxTE5RMFQ5WkVlZkdIVXpwVUwydUNkVzhHSXplWVdVSGx2MlJ6R1htT0pnY2Jfa0tsSmUtZkhxX2NOeWJCaG5fVUNuNUI2M3dDbDRTSDc4TU9kZkViaU15bnRueUdpTWhIZWNVeEFHclNjRmQ2NTNwYm1aYS11SlhwRm8?hl=en-US&gl=US&ceid=US%3Aen,no title,NEGATIVE
AAPL,No title,https://news.google.com./read/CBMinwFBVV95cUxPQ3RFU3BkVGFwOExnaFF2TElGdEFZTU9wY3FCWXp2d2FJSjNIMHB6UGpjaC00SERkMXhTeUlnMGxualVIT2JOM1dWNjdhb0UwMTlPcmJ3MDVzckpWTEhHWjlhNzh2RVVET1kzS1EwS0FZTnExV2VaQU9vYXoyVy1WTlpHRVV2YXJLa2k4bjlNUFFGaGlsTTRMZ1JDczE0X2s?hl=en-US&gl=US&ceid=US%3Aen,no title,NEGATIVE
AAPL,No title,https://news.google.com./read/CBMivwFBVV95cUxQTUJ6NGktallzaDUyYUhFT3BOMkhfbUVIWDdmLU1VWHNub01yeVdBUnJYVHZCb1VLTmZtVlFfaFBucnN5TVlyQTdBTVJRWXNSVnl2aTd0U1NEOTY2QjBaWFN2MFpHZ3Y2RUxyNjhlZFRGbTZrcWEwRlBrelQ1amVGLXdsZ3RINjdJaWo0czFEOE5ZR0RpdGJjZE1ib1AtOTE5TW5UbzYtUWlnckhrRk1WWS0zT2wzdnZuX2tXMi1lOA?hl=en-US&gl=US&ceid=US%3Aen,no title,NEGATIVE
AAPL,No title,https://news.google.com./read/CBMijAFBVV95cUxNT2JKSmExWG84Zzg0OWJtSk5XMG9oOFkyMVZwM2VVeWJPdVljblBhbUdLREVXZkdCSERCd3FBUXhXUERoczBVYnNUT1htS1BLT1o5eEx1dGtpOHJuTWV5bXdWTDZrekg3bUZEQ3UwU2hUMHFjZWN4RjJUbjZnaFJFbUZucURJb1M2MTlfSQ?hl=en-US&gl=US&ceid=US%3Aen,no title,NEGATIVE
MSFT,No title,https://news.google.com./read/CBMixAFBVV95cUxOU2U3X3R2ZS0xaW1Jb2J3XzRjYVhWRkpuY3pvTWNnYnpTYXpua1Z1WkJMelNBSS13U3Fha3g4d0pCekQ4QTRkZ1FVNW9Qc3hHMy1KWlJlT2xiZHBqTVNvdVNMYkxUQ3FCQkQwSHI5QlJremFxU011d3ZxLVNoN0ZsanhfR0VLcVVCZlBYT1pEeG44bWxSQl9mZG5vSG1NUjdVX1ItVHlGMHZQVkZJZkRWUmxYT2psWHlIdDJLNFItT2FHT2tE?hl=en-US&gl=US&ceid=US%3Aen,no title,NEGATIVE
MSFT,No title,https://news.google.com./read/CBMinAFBVV95cUxQMUw4TWJlNVBLUVgzaTRZemN5WWY5UGNRX3FmdXhDZ2w1NVlwSVNmSE9KTGpvUVV4THU3cUJPcmlGOU55QjZiaGZCdzBLRU5YTGpobXYzRVBOQS1DUDdET1pWMmg3VXJaQXBLT1FEclhtNzJSRXJILUpIbGdTREY5SEFFVU1WU2loMUlmUjBXbU9kSFlBYUZyeU5vSno?hl=en-US&gl=US&ceid=US%3Aen,no title,NEGATIVE
MSFT,No title,https://news.google.com./read/CBMimAFBVV95cUxPc3QzMFg3SWF5V2FvVHlpTWRkaThodUxMZ2tLQXQyRmhsVnREb19wakZ0OHNvOFMyVUM5ODNJUGl5YVVWdVpMa1ROeXdWdHNRbHItNFNxWUhoei1Ncmgyb3J2ZjB3cXVnWXdQWm9UODhsbmgtcFFMeGtTMkl0Ty01dmZTMUxQTU1scHhzNGN2RlZlV3NjalRLag?hl=en-US&gl=US&ceid=US%3Aen,no title,NEGATIVE
MSFT,No title,https://news.google.com./read/CBMihwFBVV95cUxQVk9NUG8wM1B5SnVDTW5XVjJUczRRWTdKMmktUGJYcmgzS0xBSVkwakVqcVViX0RCSWdOZ2g3TnJKQ2Vrc19OVmt2SjVZeHl2bnZCRXJ5Yl9tRHRkMS1HRE01MnhmSEx1SGlDUVZYNkdRdFlQSmQ2SHljYzM1SjNrRmlxQnBkWWs?hl=en-US&gl=US&ceid=US%3Aen,no title,NEGATIVE
MSFT,No title,https://news.google.com./read/CBMiiAFBVV95cUxPOEFwUFJneWY2OXJYb0pZcjdQaWZDeHROY3N6ZDlWQjJqVnB1cVJ5UF92Q1YtQ0FTekEtNy1FYmZKZEZQMmh6aW9MbXo2Wm15dmdhTlN2YzVJRjUyTlhWWWpUUGVPdWFyMnpZVHUyM1Bfc1NUUEswWXhUbGxMOE1CcVFBdHl5bmhm?hl=en-US&gl=US&ceid=US%3Aen,no title,NEGATIVE
NVDA,No title,https://news.google.com./read/CBMikgFBVV95cUxQZDVrLU9Va1NONkNxWk0tSUQxMXJyZHllVXdCZE9URzM5ajZzUzdsRWlKbTBiMDZqdzE4bVR0LUpFbWZzaXpLS1ZZTEtnRXRTTTAzVDhlaEtYNFBTR1dVZUdoNnJKQXpoR0UzTFc5eElhTHg2TW11MFhVTjVLYlNydGZpR3FJQ2VvNnZ2c0E5TjA2dw?hl=en-US&gl=US&ceid=US%3Aen,no title,NEGATIVE
NVDA,No title,https://news.google.com./read/CBMinAFBVV95cUxPVmNqamFYOVc4SUJkS0gwaTM1Y3kyQWcxTE1aYlBQR2t6TlEyOW9wZWpIX3dwMldaNzF5SXlFWlFoMzloMl82OHd1TjJyYXN0OFRjNUJnRnZOQVFfaU5OcGhhMXpnNVhkMWhLdWNhMldqeUdOVXhMdlZ2aEV5WnA2cm5TOFVpMVBHVGlfazZvWGt1MW84bEUtUnhZVk4?hl=en-US&gl=US&ceid=US%3Aen,no title,NEGATIVE
NVDA,No title,https://news.google.com./read/CBMie0FVX3lxTFBHY2dqclNzZUdoZEdHQW91WDV1Q1JKMmN4WW1vYVZXeVFwVzFhZGkyanhXbTduXzJkQWtmRGZYd0xaLXZPczZTd3FMQ3otLWVFVkZVVzhjT0pNT0JIcW1CcWF3bFFPa0pBSzM2YW1lWVFnM1dFbmFjeFpobw?hl=en-US&gl=US&ceid=US%3Aen,no title,NEGATIVE
NVDA,No title,https://news.google.com./read/CBMif0FVX3lxTE90a2tISzZFcXpMMGhjNWRCVGxBOWtjRC01WmNfb3NNNGtBelF3aldYQWwwLUNIMFNTWTdsVHYtSXRUOTJRQzNWSzFFMWpYbUYyWnJRREdod3ZoY0N3MVFiWlFpQ2xOS2h6cmZBV1hjcW05SkxoUjJYTmhjbWpZeXM?hl=en-US&gl=US&ceid=US%3Aen,no title,NEGATIVE
NVDA,No title,https://news.google.com./read/CBMimAFBVV95cUxNQnUwZnVBVVJCVXQwUnpFdGhiUUV0cFRjUG9QRUs1SGtKWDJSUjhsQzZVUzVXbXpfaVQtdExTbUE4aTVIQVZWNXM5UjNubTJvcndKNURCcVAtNHViQXFRZXV1dDhRTFFodkRucThSRGtfTDJWS3p4aTJzSnBMNnVDNkNRRTVaWk5HMXdwWUtIWl9LWGNEVHVBSQ?hl=en-US&gl=US&ceid=US%3Aen,no title,NEGATIVE
